Time,Temperature,Humidity
28-Dec-2018 10:20:02,20.522,50.036
28-Dec-2018 10:25:32,20.722,48.946
28-Dec-2018 10:31:02,20.805,48.573
28-Dec-2018 10:36:32,20.821,48.411
28-Dec-2018 10:42:02,20.864,48.312
28-Dec-2018 10:47:58,20.834,48.394
28-Dec-2018 10:53:28,20.864,48.334
28-Dec-2018 10:58:58,20.848,48.344
28-Dec-2018 11:04:28,20.821,48.357
28-Dec-2018 11:09:59,20.821,48.298
28-Dec-2018 11:16:17,20.805,48.412
28-Dec-2018 11:21:47,20.805,48.411
28-Dec-2018 11:27:17,20.792,48.571
28-Dec-2018 11:32:47,20.765,48.658
28-Dec-2018 11:38:17,20.765,48.728
28-Dec-2018 11:43:48,20.735,48.814
28-Dec-2018 11:50:08,20.679,48.786
28-Dec-2018 11:56:03,20.679,48.779
28-Dec-2018 12:01:33,20.65,49.227
28-Dec-2018 12:07:28,20.65,49.868
28-Dec-2018 12:12:58,20.65,49.964
28-Dec-2018 12:18:28,20.679,50.585
28-Dec-2018 12:24:23,20.65,51.432
28-Dec-2018 12:29:53,20.634,51.336
28-Dec-2018 12:36:13,20.578,50.793
28-Dec-2018 12:42:09,20.565,50.541
28-Dec-2018 12:47:39,20.565,50.82
28-Dec-2018 12:53:09,20.522,51.029
28-Dec-2018 12:58:39,20.535,51.077
28-Dec-2018 13:04:09,20.535,50.916
28-Dec-2018 13:10:29,20.551,50.925
28-Dec-2018 13:15:59,20.551,50.925
28-Dec-2018 13:21:29,20.535,50.869
28-Dec-2018 13:27:00,20.522,50.88
28-Dec-2018 13:32:55,20.509,50.944
28-Dec-2018 13:39:13,20.509,50.829
28-Dec-2018 13:44:43,20.509,50.814
28-Dec-2018 13:50:38,20.479,50.791
28-Dec-2018 13:56:08,20.522,50.823
28-Dec-2018 14:02:04,20.466,50.852
28-Dec-2018 14:07:59,20.466,51.029
28-Dec-2018 14:14:44,20.452,51.241
28-Dec-2018 14:20:14,20.439,50.956
28-Dec-2018 14:26:58,20.396,50.893
28-Dec-2018 14:33:43,20.396,50.903
28-Dec-2018 14:39:13,20.367,50.878
28-Dec-2018 14:44:44,20.38,50.819
28-Dec-2018 14:51:29,20.354,50.896
28-Dec-2018 14:57:25,20.311,50.816
28-Dec-2018 15:03:20,20.298,50.709
28-Dec-2018 15:08:50,20.324,50.802
28-Dec-2018 15:14:20,20.34,50.756
28-Dec-2018 15:19:50,20.311,50.742
28-Dec-2018 15:25:20,20.298,50.719
28-Dec-2018 15:30:50,20.284,50.715
28-Dec-2018 15:36:20,20.268,50.681
28-Dec-2018 15:41:50,20.255,50.677
28-Dec-2018 15:47:45,20.255,50.654
28-Dec-2018 15:53:15,20.241,50.686
28-Dec-2018 15:58:46,20.255,50.642
28-Dec-2018 16:04:41,20.228,50.559
28-Dec-2018 16:11:01,20.284,50.825
28-Dec-2018 16:17:21,20.423,50.947
28-Dec-2018 16:22:51,20.634,50.834
28-Dec-2018 16:28:21,20.96,50.475
28-Dec-2018 16:34:16,21.213,50.127
28-Dec-2018 16:39:46,21.427,49.995
28-Dec-2018 16:46:06,21.667,49.827
28-Dec-2018 16:51:36,21.75,49.749
28-Dec-2018 16:57:07,21.881,49.459
28-Dec-2018 17:03:27,21.993,49.566
28-Dec-2018 17:08:57,22.02,49.653
28-Dec-2018 17:14:27,22.049,49.56
28-Dec-2018 17:20:22,22.105,49.355
28-Dec-2018 17:25:52,22.092,49.241
28-Dec-2018 17:31:22,22.076,49.236
28-Dec-2018 17:37:42,22.105,49.12
28-Dec-2018 17:43:12,22.063,48.933
28-Dec-2018 17:48:42,22.063,48.92
28-Dec-2018 17:54:13,22.036,48.87
28-Dec-2018 17:59:43,22.007,48.605
28-Dec-2018 18:06:51,21.964,48.609
28-Dec-2018 18:12:21,21.908,48.472
28-Dec-2018 18:17:51,21.921,48.379
28-Dec-2018 18:23:22,21.849,48.344
28-Dec-2018 18:28:52,21.849,48.338
28-Dec-2018 18:34:22,21.806,48.403
28-Dec-2018 18:39:52,21.78,48.434
28-Dec-2018 18:45:23,21.724,48.408
28-Dec-2018 18:51:18,21.667,48.444
28-Dec-2018 18:57:13,21.638,48.554
28-Dec-2018 19:03:08,21.611,48.669
28-Dec-2018 19:08:38,21.582,48.635
28-Dec-2018 19:14:09,21.539,48.708
28-Dec-2018 19:19:39,21.513,49.108
28-Dec-2018 19:26:00,21.497,49.633
28-Dec-2018 19:31:30,21.483,49.72
28-Dec-2018 19:37:25,21.483,49.74
28-Dec-2018 19:43:45,21.513,49.729
28-Dec-2018 19:49:40,21.526,50.811
28-Dec-2018 19:56:00,21.75,55.048
28-Dec-2018 20:01:30,21.894,58.807
28-Dec-2018 20:07:00,22.119,58.758
28-Dec-2018 20:12:31,22.372,59.184
28-Dec-2018 20:18:26,22.741,60.322
28-Dec-2018 20:23:56,23.021,59.431
28-Dec-2018 20:29:26,22.995,58.853
28-Dec-2018 20:36:12,23.136,58.431
28-Dec-2018 20:41:42,23.136,57.925
28-Dec-2018 20:47:38,23.064,57.499
28-Dec-2018 20:53:08,23.109,56.907
28-Dec-2018 20:58:38,23.109,56.431
28-Dec-2018 21:04:08,23.123,55.814
28-Dec-2018 21:09:39,23.077,55.105
28-Dec-2018 21:15:09,23.123,54.453
28-Dec-2018 21:21:54,23.165,53.887
28-Dec-2018 21:27:24,23.165,53.429
28-Dec-2018 21:33:44,23.152,53.107
28-Dec-2018 21:39:14,23.136,52.869
28-Dec-2018 21:44:44,23.136,52.462
28-Dec-2018 21:51:04,23.093,52.404
28-Dec-2018 21:56:34,23.035,52.244
28-Dec-2018 22:02:28,23.064,52.038
28-Dec-2018 22:07:58,22.952,52.197
28-Dec-2018 22:13:28,22.965,51.983
28-Dec-2018 22:19:23,22.922,51.777
28-Dec-2018 22:26:08,22.866,52.192
28-Dec-2018 22:31:38,22.824,51.766
28-Dec-2018 22:37:08,22.84,52.361
28-Dec-2018 22:43:03,22.768,52.32
28-Dec-2018 22:48:33,22.741,52.512
28-Dec-2018 22:54:28,22.728,52.262
28-Dec-2018 23:00:23,22.698,52.125
28-Dec-2018 23:05:55,22.728,52.102
28-Dec-2018 23:11:25,22.671,51.896
28-Dec-2018 23:16:55,22.655,51.652
28-Dec-2018 23:22:25,22.599,51.672
28-Dec-2018 23:27:55,22.586,51.624
28-Dec-2018 23:33:26,22.557,51.519
28-Dec-2018 23:38:56,22.501,51.553
28-Dec-2018 23:44:26,22.442,51.434
28-Dec-2018 23:49:56,22.386,51.475
28-Dec-2018 23:55:27,22.415,51.203
29-Dec-2018 00:01:22,22.372,51.324
29-Dec-2018 00:07:15,22.287,50.379
29-Dec-2018 00:12:46,22.161,50.031
29-Dec-2018 00:19:06,22.036,49.735
29-Dec-2018 00:24:36,21.977,49.447
29-Dec-2018 00:30:56,21.908,49.303
29-Dec-2018 00:36:26,21.862,49.158
29-Dec-2018 00:41:56,21.793,49.084
29-Dec-2018 00:47:26,21.724,49.038
29-Dec-2018 00:52:56,21.667,49.039
29-Dec-2018 00:58:26,21.625,48.943
29-Dec-2018 01:04:21,21.595,48.98
29-Dec-2018 01:09:51,21.539,48.951
29-Dec-2018 01:15:21,21.497,48.957
29-Dec-2018 01:20:51,21.44,48.916
29-Dec-2018 01:26:21,21.4,48.923
29-Dec-2018 01:32:16,21.328,48.905
29-Dec-2018 01:37:46,21.315,48.989
29-Dec-2018 01:43:17,21.243,48.994
29-Dec-2018 01:49:12,21.2,49.033
29-Dec-2018 01:54:42,21.171,49.042
29-Dec-2018 02:01:03,21.115,49.058
29-Dec-2018 02:06:33,21.088,49.075
29-Dec-2018 02:12:28,21.045,49.129
29-Dec-2018 02:18:23,20.96,49.111
29-Dec-2018 02:23:53,20.96,49.14
29-Dec-2018 02:29:48,20.904,49.163
29-Dec-2018 02:36:34,20.877,49.184
29-Dec-2018 02:42:04,20.821,49.227
29-Dec-2018 02:47:34,20.778,49.268
29-Dec-2018 02:53:04,20.765,49.277
29-Dec-2018 02:58:34,20.735,49.319
29-Dec-2018 03:04:29,20.666,49.294
29-Dec-2018 03:10:24,20.634,49.332
29-Dec-2018 03:15:54,20.621,49.291
29-Dec-2018 03:21:24,20.591,49.337
29-Dec-2018 03:26:54,20.565,49.401
29-Dec-2018 03:32:49,20.522,49.409
29-Dec-2018 03:38:19,20.522,49.419
29-Dec-2018 03:43:49,20.479,49.468
29-Dec-2018 03:49:44,20.452,49.488
29-Dec-2018 03:56:04,20.41,49.509
29-Dec-2018 04:01:34,20.367,49.52
29-Dec-2018 04:07:04,20.38,49.511
29-Dec-2018 04:12:34,20.34,49.546
29-Dec-2018 04:18:04,20.324,49.511
29-Dec-2018 04:23:34,20.284,49.578
29-Dec-2018 04:29:05,20.268,49.587
29-Dec-2018 04:35:00,20.255,49.561
29-Dec-2018 04:40:29,20.255,49.548
29-Dec-2018 04:46:00,20.228,49.557
29-Dec-2018 04:51:55,20.185,49.619
29-Dec-2018 04:58:15,20.156,49.651
29-Dec-2018 05:04:10,20.113,49.651
29-Dec-2018 05:09:40,20.113,49.657
29-Dec-2018 05:16:00,20.1,49.633
29-Dec-2018 05:21:55,20.044,49.688
29-Dec-2018 05:27:50,20.031,49.662
29-Dec-2018 05:33:45,20.031,49.694
29-Dec-2018 05:39:15,20.001,49.74
29-Dec-2018 05:44:45,19.974,49.772
29-Dec-2018 05:51:06,19.942,49.781
29-Dec-2018 05:57:01,19.9,49.804
29-Dec-2018 06:02:31,19.929,49.839
29-Dec-2018 06:08:01,19.916,49.795
29-Dec-2018 06:13:31,19.886,49.83
29-Dec-2018 06:19:01,19.86,49.804
29-Dec-2018 06:24:56,19.83,49.79
29-Dec-2018 06:30:51,19.788,49.836
29-Dec-2018 06:36:46,19.788,49.808
29-Dec-2018 06:42:17,19.844,49.831
29-Dec-2018 06:47:47,19.988,49.624
29-Dec-2018 06:53:17,20.255,49.294
29-Dec-2018 06:58:47,20.479,48.965
29-Dec-2018 07:04:17,20.679,48.585
29-Dec-2018 07:09:47,20.92,48.06
29-Dec-2018 07:16:33,21.115,47.784
29-Dec-2018 07:22:02,21.272,47.495
29-Dec-2018 07:27:32,21.44,47.181
29-Dec-2018 07:33:03,21.638,46.915
29-Dec-2018 07:38:58,21.75,46.68
29-Dec-2018 07:44:28,21.881,46.447
29-Dec-2018 07:50:23,21.977,46.316
29-Dec-2018 07:56:43,22.148,46.142
29-Dec-2018 08:02:13,22.26,45.972
29-Dec-2018 08:08:33,22.343,45.776
29-Dec-2018 08:14:28,22.428,45.776
29-Dec-2018 08:19:59,22.471,45.743
29-Dec-2018 08:25:29,22.458,45.711
29-Dec-2018 08:31:49,22.458,45.629
29-Dec-2018 08:37:19,22.428,45.6
29-Dec-2018 08:43:13,22.415,45.647
29-Dec-2018 08:48:44,22.343,45.747
29-Dec-2018 08:54:14,22.33,45.753
29-Dec-2018 08:59:44,22.26,45.808
29-Dec-2018 09:06:04,22.247,45.884
29-Dec-2018 09:11:58,22.188,45.904
29-Dec-2018 09:17:28,22.132,46.026
29-Dec-2018 09:23:24,22.105,46.067
29-Dec-2018 09:28:54,22.063,46.14
29-Dec-2018 09:34:24,21.977,46.206
29-Dec-2018 09:39:54,21.937,46.296
29-Dec-2018 09:45:24,21.894,46.415
29-Dec-2018 09:50:54,21.822,46.398
29-Dec-2018 09:56:24,21.78,46.529
29-Dec-2018 10:01:54,21.75,46.595
29-Dec-2018 10:07:24,21.707,46.708
29-Dec-2018 10:13:19,21.681,46.737
29-Dec-2018 10:18:50,21.625,46.836
29-Dec-2018 10:24:20,21.555,46.902
29-Dec-2018 10:29:50,21.539,46.992
29-Dec-2018 10:36:10,21.513,47.074
29-Dec-2018 10:41:40,21.456,47.149
29-Dec-2018 10:47:11,21.427,47.185
29-Dec-2018 10:52:41,21.384,47.268
29-Dec-2018 10:58:11,21.328,47.349
29-Dec-2018 11:03:41,21.286,47.378
29-Dec-2018 11:09:36,21.243,47.477
29-Dec-2018 11:16:21,21.171,47.61
29-Dec-2018 11:22:17,21.144,47.665
29-Dec-2018 11:27:47,21.131,47.788
29-Dec-2018 11:33:17,21.101,47.913
29-Dec-2018 11:38:47,21.072,48
29-Dec-2018 11:44:18,21.045,48.045
29-Dec-2018 11:51:28,20.989,48.228
29-Dec-2018 11:57:24,20.96,48.447
29-Dec-2018 12:03:19,20.976,48.791
29-Dec-2018 12:08:49,20.976,48.965
29-Dec-2018 12:14:44,20.946,49.198
29-Dec-2018 12:21:32,20.933,49.502
29-Dec-2018 12:27:03,20.976,53.947
29-Dec-2018 12:32:33,20.96,52.251
29-Dec-2018 12:38:03,20.96,52.271
29-Dec-2018 12:43:33,20.976,53.645
29-Dec-2018 12:49:04,21.003,53.703
29-Dec-2018 12:54:34,21.059,53.787
29-Dec-2018 13:00:04,21.131,53.895
29-Dec-2018 13:05:59,21.187,53.79
29-Dec-2018 13:11:30,21.4,53.457
29-Dec-2018 13:17:25,21.638,53.117
29-Dec-2018 13:22:55,21.849,52.335
29-Dec-2018 13:28:25,21.95,51.629
29-Dec-2018 13:33:55,22.049,51.374
29-Dec-2018 13:39:25,22.092,50.99
29-Dec-2018 13:44:56,22.204,50.587
29-Dec-2018 13:50:51,22.274,50.224
29-Dec-2018 13:56:21,22.231,50.15
29-Dec-2018 14:01:51,22.231,50.147
29-Dec-2018 14:08:11,22.231,49.995
29-Dec-2018 14:14:06,22.274,49.894
29-Dec-2018 14:19:36,22.218,49.859
29-Dec-2018 14:25:56,22.188,49.834
29-Dec-2018 14:31:26,22.175,49.816
29-Dec-2018 14:36:56,22.132,49.747
29-Dec-2018 14:42:26,22.119,49.827
29-Dec-2018 14:49:11,22.105,49.793
29-Dec-2018 14:56:21,22.105,50.069
29-Dec-2018 15:02:17,22.063,50.416
29-Dec-2018 15:07:47,22.049,50.645
29-Dec-2018 15:13:17,22.049,50.773
29-Dec-2018 15:18:48,21.993,50.796
29-Dec-2018 15:24:18,21.993,50.892
29-Dec-2018 15:31:05,21.921,50.958
29-Dec-2018 15:36:35,21.937,50.97
29-Dec-2018 15:42:06,21.908,51.022
29-Dec-2018 15:47:36,21.881,51.058
29-Dec-2018 15:53:06,21.822,51.182
29-Dec-2018 15:59:01,21.862,51.414
29-Dec-2018 16:04:31,21.836,51.997
29-Dec-2018 16:10:01,21.806,52.299
29-Dec-2018 16:15:57,21.766,52.284
29-Dec-2018 16:21:28,21.78,52.247
29-Dec-2018 16:26:59,21.737,52.203
29-Dec-2018 16:32:29,21.737,52.146
29-Dec-2018 16:37:59,21.694,52.087
29-Dec-2018 16:43:30,21.681,52.087
29-Dec-2018 16:49:25,21.638,52.073
29-Dec-2018 16:55:22,21.611,52.033
29-Dec-2018 17:00:53,21.611,51.977
29-Dec-2018 17:06:24,21.582,51.899
29-Dec-2018 17:12:47,21.582,51.846
29-Dec-2018 17:18:17,21.555,51.85
29-Dec-2018 17:24:12,21.526,51.754
29-Dec-2018 17:29:42,21.497,51.635
29-Dec-2018 17:36:03,21.47,51.46
29-Dec-2018 17:41:58,21.456,51.411
29-Dec-2018 17:47:53,21.47,51.116
29-Dec-2018 17:53:24,21.44,51.006
29-Dec-2018 17:59:44,21.427,51.122
29-Dec-2018 18:06:04,21.427,50.961
29-Dec-2018 18:11:34,21.483,50.906
29-Dec-2018 18:17:30,21.595,50.637
29-Dec-2018 18:23:50,21.836,50.097
29-Dec-2018 18:29:20,22.105,49.644
29-Dec-2018 18:34:51,22.247,49.287
29-Dec-2018 18:40:21,22.428,48.891
29-Dec-2018 18:45:51,22.573,48.646
29-Dec-2018 18:51:21,22.671,48.356
29-Dec-2018 18:56:51,22.784,48.115
29-Dec-2018 19:02:21,22.824,48.008
29-Dec-2018 19:07:51,22.853,48.394
29-Dec-2018 19:13:21,22.939,48.71
29-Dec-2018 19:19:16,22.922,49.038
29-Dec-2018 19:24:47,22.965,48.925
29-Dec-2018 19:31:57,22.939,48.925
29-Dec-2018 19:37:27,22.979,49.012
29-Dec-2018 19:43:22,22.979,49.126
29-Dec-2018 19:48:52,22.965,49.207
29-Dec-2018 19:54:22,22.952,48.861
29-Dec-2018 19:59:52,22.965,48.457
29-Dec-2018 20:07:03,22.939,48.183
29-Dec-2018 20:13:23,22.909,48.037
29-Dec-2018 20:18:53,22.909,47.944
29-Dec-2018 20:24:23,22.896,47.926
29-Dec-2018 20:31:33,22.853,47.921
29-Dec-2018 20:37:28,22.824,48.078
29-Dec-2018 20:43:23,22.754,48.11
29-Dec-2018 20:48:53,22.741,48.15
29-Dec-2018 20:54:23,22.698,48.161
29-Dec-2018 20:59:53,22.642,48.225
29-Dec-2018 21:05:48,22.613,48.22
29-Dec-2018 21:11:18,22.557,48.211
29-Dec-2018 21:16:48,22.53,48.209
29-Dec-2018 21:22:19,22.487,48.2
29-Dec-2018 21:28:14,22.442,48.067
29-Dec-2018 21:34:09,22.415,47.985
29-Dec-2018 21:39:39,22.359,48.118
29-Dec-2018 21:45:59,22.33,48.136
29-Dec-2018 21:51:54,22.428,47.973
29-Dec-2018 21:57:24,22.573,47.747
29-Dec-2018 22:02:54,22.728,47.431
29-Dec-2018 22:08:24,22.922,47.051
29-Dec-2018 22:13:55,23.152,46.538
29-Dec-2018 22:19:25,23.291,46.378
29-Dec-2018 22:24:55,23.39,46.072
29-Dec-2018 22:30:25,23.403,46.055
29-Dec-2018 22:35:55,23.403,46.017
29-Dec-2018 22:41:25,23.459,45.876
29-Dec-2018 22:46:56,23.433,45.899
29-Dec-2018 22:52:26,23.446,45.885
29-Dec-2018 22:57:56,23.446,45.861
29-Dec-2018 23:03:51,23.403,45.821
29-Dec-2018 23:09:21,23.403,45.783
29-Dec-2018 23:16:06,23.376,45.849
29-Dec-2018 23:21:36,23.278,45.879
29-Dec-2018 23:27:31,23.248,45.954
29-Dec-2018 23:33:03,23.235,46.007
29-Dec-2018 23:38:58,23.165,46.036
29-Dec-2018 23:44:28,23.093,46.073
29-Dec-2018 23:50:23,23.021,46.067
29-Dec-2018 23:57:11,22.939,46.067
30-Dec-2018 00:02:43,22.909,46.099
30-Dec-2018 00:08:13,22.81,46.073
30-Dec-2018 00:13:46,22.768,46.104
30-Dec-2018 00:19:16,22.698,46.174
30-Dec-2018 00:26:01,22.599,46.201
30-Dec-2018 00:31:31,22.573,46.268
30-Dec-2018 00:37:54,22.471,46.3
30-Dec-2018 00:43:24,22.442,46.332
30-Dec-2018 00:48:54,22.372,46.378
30-Dec-2018 00:54:51,22.33,46.467
30-Dec-2018 01:01:12,22.26,46.452
30-Dec-2018 01:06:43,22.204,46.538
30-Dec-2018 01:12:38,22.132,46.554
30-Dec-2018 01:18:33,22.092,46.603
30-Dec-2018 01:24:03,22.063,46.671
30-Dec-2018 01:29:33,22.007,46.723
30-Dec-2018 01:35:03,21.95,46.76
30-Dec-2018 01:41:23,21.881,46.859
30-Dec-2018 01:46:53,21.849,46.905
30-Dec-2018 01:52:23,21.793,46.941
30-Dec-2018 01:58:18,21.75,46.969
30-Dec-2018 02:03:49,21.75,47.131
30-Dec-2018 02:09:19,21.694,47.254
30-Dec-2018 02:14:49,21.638,47.304
30-Dec-2018 02:21:09,21.595,47.309
30-Dec-2018 02:26:39,21.539,47.304
30-Dec-2018 02:32:34,21.513,47.323
30-Dec-2018 02:39:19,21.47,47.35
30-Dec-2018 02:44:49,21.427,47.391
30-Dec-2018 02:51:08,21.4,47.408
30-Dec-2018 02:56:38,21.344,47.44
30-Dec-2018 03:02:08,21.315,47.446
30-Dec-2018 03:08:54,21.272,47.504
30-Dec-2018 03:14:24,21.243,47.497
30-Dec-2018 03:19:54,21.2,47.495
30-Dec-2018 03:25:24,21.157,47.51
30-Dec-2018 03:31:19,21.131,47.559
30-Dec-2018 03:36:49,21.115,47.564
30-Dec-2018 03:42:19,21.072,47.556
30-Dec-2018 03:48:14,21.016,47.564
30-Dec-2018 03:54:09,21.016,47.546
30-Dec-2018 03:59:39,20.989,47.63
30-Dec-2018 04:05:09,20.946,47.637
30-Dec-2018 04:11:04,20.933,47.634
30-Dec-2018 04:16:34,20.89,47.689
30-Dec-2018 04:22:54,20.848,47.73
30-Dec-2018 04:28:24,20.864,47.669
30-Dec-2018 04:33:54,20.792,47.758
30-Dec-2018 04:39:25,20.778,47.79
30-Dec-2018 04:44:55,20.778,47.747
30-Dec-2018 04:50:25,20.735,47.802
30-Dec-2018 04:55:55,20.693,47.779
30-Dec-2018 05:02:16,20.666,47.843
30-Dec-2018 05:08:11,20.65,47.857
30-Dec-2018 05:13:41,20.607,47.921
30-Dec-2018 05:19:12,20.591,47.9
30-Dec-2018 05:24:42,20.565,47.959
30-Dec-2018 05:31:52,20.535,48.003
30-Dec-2018 05:37:22,20.522,48.032
30-Dec-2018 05:42:53,20.495,48.064
30-Dec-2018 05:48:48,20.452,48.058
30-Dec-2018 05:54:43,20.452,48.101
30-Dec-2018 06:01:03,20.423,48.147
30-Dec-2018 06:06:33,20.396,48.17
30-Dec-2018 06:12:03,20.38,48.214
30-Dec-2018 06:18:23,20.34,48.22
30-Dec-2018 06:23:53,20.324,48.287
30-Dec-2018 06:29:23,20.324,48.321
30-Dec-2018 06:34:54,20.284,48.33
30-Dec-2018 06:40:24,20.284,48.457
30-Dec-2018 06:45:54,20.34,48.394
30-Dec-2018 06:51:49,20.509,48.237
30-Dec-2018 06:57:19,20.722,47.909
30-Dec-2018 07:02:49,20.904,47.63
30-Dec-2018 07:08:19,21.131,47.254
30-Dec-2018 07:13:50,21.328,47.057
30-Dec-2018 07:19:20,21.483,46.772
30-Dec-2018 07:24:50,21.638,46.535
30-Dec-2018 07:30:44,21.862,46.22
30-Dec-2018 07:37:05,21.921,46.188
30-Dec-2018 07:42:34,22.105,45.927
30-Dec-2018 07:48:30,22.204,45.808
30-Dec-2018 07:54:00,22.343,45.666
30-Dec-2018 07:59:30,22.458,45.435
30-Dec-2018 08:05:25,22.557,45.344
30-Dec-2018 08:11:20,22.642,45.335
30-Dec-2018 08:17:15,22.741,45.098
30-Dec-2018 08:22:45,22.797,45.023
30-Dec-2018 08:28:15,22.84,45.057
30-Dec-2018 08:33:46,22.866,45.028
30-Dec-2018 08:39:16,22.88,45.048
30-Dec-2018 08:46:02,22.853,45.158
30-Dec-2018 08:51:57,22.768,45.203
30-Dec-2018 08:57:27,22.741,45.303
30-Dec-2018 09:02:57,22.671,45.426
30-Dec-2018 09:08:27,22.599,45.536
30-Dec-2018 09:14:22,22.586,45.556
30-Dec-2018 09:19:53,22.517,45.701
30-Dec-2018 09:26:13,22.458,45.774
30-Dec-2018 09:31:43,22.428,45.861
30-Dec-2018 09:37:38,22.386,46.169
30-Dec-2018 09:43:08,22.316,46.538
30-Dec-2018 09:48:38,22.231,46.714
30-Dec-2018 09:54:33,22.161,46.801
30-Dec-2018 10:00:28,22.105,46.932
30-Dec-2018 10:05:58,22.049,47.098
30-Dec-2018 10:11:28,22.02,47.199
30-Dec-2018 10:16:58,21.937,47.308
30-Dec-2018 10:22:29,21.862,47.488
30-Dec-2018 10:27:59,21.822,47.565
30-Dec-2018 10:33:29,21.78,47.648
30-Dec-2018 10:38:59,21.737,47.738
30-Dec-2018 10:44:29,21.651,47.788
30-Dec-2018 10:50:00,21.625,47.922
30-Dec-2018 10:55:55,21.555,47.973
30-Dec-2018 11:01:51,21.513,48.037
30-Dec-2018 11:07:21,21.47,48.159
30-Dec-2018 11:12:51,21.44,48.142
30-Dec-2018 11:18:21,21.414,48.255
30-Dec-2018 11:23:51,21.358,48.379
30-Dec-2018 11:29:22,21.315,48.443
30-Dec-2018 11:34:52,21.286,48.576
30-Dec-2018 11:40:22,21.272,48.875
30-Dec-2018 11:46:17,21.2,49.071
30-Dec-2018 11:52:12,21.187,49.253
30-Dec-2018 11:57:42,21.171,49.587
30-Dec-2018 12:04:27,21.115,49.635
30-Dec-2018 12:09:58,21.115,49.644
30-Dec-2018 12:15:28,21.059,49.657
30-Dec-2018 12:21:23,21.032,49.689
30-Dec-2018 12:26:53,20.989,49.752
30-Dec-2018 12:32:23,20.96,49.761
30-Dec-2018 12:37:54,20.933,49.905
30-Dec-2018 12:43:24,20.92,50.782
30-Dec-2018 12:48:54,21.101,56.556
30-Dec-2018 12:54:50,21.059,54.267
30-Dec-2018 13:01:10,21.045,54.029
30-Dec-2018 13:06:40,20.989,54.27
30-Dec-2018 13:12:11,20.976,54.299
30-Dec-2018 13:17:41,20.96,54.304
30-Dec-2018 13:23:12,20.946,54.112
30-Dec-2018 13:28:42,20.89,53.86
30-Dec-2018 13:34:12,20.89,53.745
30-Dec-2018 13:39:42,20.864,53.356
30-Dec-2018 13:46:03,20.834,53.017
30-Dec-2018 13:51:33,20.792,52.773
30-Dec-2018 13:57:03,20.765,52.651
30-Dec-2018 14:02:33,20.749,52.435
30-Dec-2018 14:08:54,20.722,52.345
30-Dec-2018 14:14:24,20.693,52.274
30-Dec-2018 14:19:54,20.679,52.164
30-Dec-2018 14:25:25,20.666,52.074
30-Dec-2018 14:30:55,20.607,52.027
30-Dec-2018 14:36:25,20.621,51.972
30-Dec-2018 14:41:55,20.607,51.969
30-Dec-2018 14:47:25,20.578,51.942
30-Dec-2018 14:53:20,20.551,52.183
30-Dec-2018 14:58:50,20.535,52.338
30-Dec-2018 15:04:20,20.522,52.313
30-Dec-2018 15:09:50,20.509,52.279
30-Dec-2018 15:15:45,20.479,52.221
30-Dec-2018 15:21:15,20.452,52.221
30-Dec-2018 15:26:46,20.479,52.146
30-Dec-2018 15:32:42,20.452,51.969
30-Dec-2018 15:38:12,20.423,52.152
30-Dec-2018 15:44:33,20.452,52.686
30-Dec-2018 15:50:28,20.522,52.915
30-Dec-2018 15:55:59,20.578,53.011
30-Dec-2018 16:01:54,20.591,53.013
30-Dec-2018 16:07:49,20.634,52.988
30-Dec-2018 16:13:19,20.666,52.963
30-Dec-2018 16:18:49,20.709,52.934
30-Dec-2018 16:24:20,20.722,52.866
30-Dec-2018 16:29:50,20.735,53.114
30-Dec-2018 16:36:10,20.96,55.227
30-Dec-2018 16:41:40,20.976,56.716
30-Dec-2018 16:47:10,21.016,57.685
30-Dec-2018 16:52:40,21.171,62.872
30-Dec-2018 16:58:10,21.358,65.354
30-Dec-2018 17:03:40,21.328,64.3
30-Dec-2018 17:09:11,21.272,62.448
30-Dec-2018 17:14:40,21.213,61.48
30-Dec-2018 17:21:00,21.187,59.495
30-Dec-2018 17:26:31,21.131,58.868
30-Dec-2018 17:32:01,21.115,58.28
30-Dec-2018 17:37:32,21.072,58.355
30-Dec-2018 17:43:02,21.045,57.337
30-Dec-2018 17:49:23,21.016,56.587
30-Dec-2018 17:54:53,20.989,56.065
30-Dec-2018 18:00:49,20.976,55.819
30-Dec-2018 18:06:20,20.933,55.119
30-Dec-2018 18:12:40,20.976,54.748
30-Dec-2018 18:18:10,21.088,54.276
30-Dec-2018 18:23:40,21.227,53.874
30-Dec-2018 18:29:10,21.384,53.347
30-Dec-2018 18:34:40,21.638,52.592
30-Dec-2018 18:41:01,21.822,52.235
30-Dec-2018 18:46:32,21.977,51.772
30-Dec-2018 18:52:02,22.175,51.208
30-Dec-2018 18:57:32,22.287,50.832
30-Dec-2018 19:03:02,22.442,50.521
30-Dec-2018 19:08:33,22.53,50.266
30-Dec-2018 19:14:03,22.671,49.886
30-Dec-2018 19:19:33,22.797,49.758
30-Dec-2018 19:25:03,22.939,49.491
30-Dec-2018 19:30:58,23.008,49.702
30-Dec-2018 19:37:18,23.179,49.868
30-Dec-2018 19:42:48,23.278,49.813
30-Dec-2018 19:49:08,23.376,49.607
30-Dec-2018 19:54:38,23.433,49.474
30-Dec-2018 20:01:23,23.558,49.181
30-Dec-2018 20:06:53,23.643,48.893
30-Dec-2018 20:12:23,23.745,48.722
30-Dec-2018 20:17:53,23.844,48.997
30-Dec-2018 20:23:23,23.9,49.186
30-Dec-2018 20:28:53,23.927,48.85
30-Dec-2018 20:34:23,23.996,48.609
30-Dec-2018 20:39:54,24.039,48.476
30-Dec-2018 20:45:49,24.025,48.26
30-Dec-2018 20:51:19,24.012,48.182
30-Dec-2018 20:56:50,23.956,48.101
30-Dec-2018 21:02:20,23.9,48.022
30-Dec-2018 21:07:50,23.884,47.977
30-Dec-2018 21:13:21,23.828,47.948
30-Dec-2018 21:18:51,23.801,47.889
30-Dec-2018 21:24:21,23.801,47.977
30-Dec-2018 21:29:51,23.745,47.994
30-Dec-2018 21:35:22,23.67,48.031
30-Dec-2018 21:40:52,23.63,48.009
30-Dec-2018 21:46:23,23.587,47.994
30-Dec-2018 21:51:53,23.531,48.022
30-Dec-2018 21:57:48,23.459,48.023
30-Dec-2018 22:03:44,23.39,48.113
30-Dec-2018 22:11:52,23.347,48.013
30-Dec-2018 22:17:22,23.248,48.086
30-Dec-2018 22:23:18,23.235,48.09
30-Dec-2018 22:29:13,23.165,48.078
30-Dec-2018 22:36:00,23.093,48.092
30-Dec-2018 22:41:32,23.051,48.124
30-Dec-2018 22:47:28,23.008,48.156
30-Dec-2018 22:52:58,22.979,48.209
30-Dec-2018 22:58:29,23.021,48.27
30-Dec-2018 23:03:59,23.064,48.266
30-Dec-2018 23:09:29,23.123,48.159
30-Dec-2018 23:15:24,23.152,47.839
30-Dec-2018 23:20:55,23.208,48.051
30-Dec-2018 23:26:25,23.179,48.122
30-Dec-2018 23:31:55,23.208,48.109
30-Dec-2018 23:37:25,23.152,48.246
30-Dec-2018 23:43:45,23.152,48.681
30-Dec-2018 23:49:16,23.123,49.039
30-Dec-2018 23:54:47,23.123,49.085
31-Dec-2018 00:01:32,23.064,49.195
31-Dec-2018 00:07:29,23.077,49.113
31-Dec-2018 00:13:25,23.051,49.442
31-Dec-2018 00:18:55,23.093,49.4
31-Dec-2018 00:24:26,23.077,49.262
31-Dec-2018 00:29:56,23.064,49.317
31-Dec-2018 00:35:56,23.021,49.25
31-Dec-2018 00:41:27,23.008,49.035
31-Dec-2018 00:46:58,23.021,48.801
31-Dec-2018 00:52:28,22.995,48.786
31-Dec-2018 00:57:58,22.965,48.598
31-Dec-2018 01:03:53,22.952,48.525
31-Dec-2018 01:09:23,22.939,48.426
31-Dec-2018 01:15:18,22.896,48.333
31-Dec-2018 01:20:49,22.896,48.246
31-Dec-2018 01:26:19,22.853,48.237
31-Dec-2018 01:32:17,22.84,48.197
31-Dec-2018 01:37:47,22.754,48.406
31-Dec-2018 01:43:17,22.741,48.342
31-Dec-2018 01:49:12,22.685,48.324
31-Dec-2018 01:54:42,22.613,48.499
31-Dec-2018 02:01:02,22.629,48.855
31-Dec-2018 02:06:57,22.53,48.85
31-Dec-2018 02:12:27,22.458,48.992
31-Dec-2018 02:17:57,22.399,49.116
31-Dec-2018 02:23:52,22.303,49.056
31-Dec-2018 02:29:22,22.274,49.052
31-Dec-2018 02:34:52,22.204,49.024
31-Dec-2018 02:40:22,22.175,48.952
31-Dec-2018 02:45:52,22.132,48.879
31-Dec-2018 02:52:12,22.063,48.907
31-Dec-2018 02:58:07,22.036,48.983
31-Dec-2018 03:04:02,22.007,49.14
31-Dec-2018 03:09:32,21.964,49.113
31-Dec-2018 03:15:28,21.908,49.12
31-Dec-2018 03:20:58,21.894,49.093
31-Dec-2018 03:26:28,21.862,49.067
31-Dec-2018 03:31:58,21.806,49.071
31-Dec-2018 03:37:53,21.766,49.039
31-Dec-2018 03:43:23,21.737,49.015
31-Dec-2018 03:48:54,21.707,49.056
31-Dec-2018 03:54:49,21.667,49.099
31-Dec-2018 04:01:34,21.625,48.998
31-Dec-2018 04:07:04,21.582,49.007
31-Dec-2018 04:12:35,21.569,48.956
31-Dec-2018 04:18:05,21.526,48.93
31-Dec-2018 04:23:35,21.513,48.902
31-Dec-2018 04:29:30,21.47,48.919
31-Dec-2018 04:35:00,21.427,48.962
31-Dec-2018 04:40:55,21.4,49.006
31-Dec-2018 04:46:25,21.384,49.003
31-Dec-2018 04:51:56,21.344,49.03
31-Dec-2018 04:57:26,21.302,48.946
31-Dec-2018 05:02:56,21.286,48.975
31-Dec-2018 05:08:26,21.272,49.024
31-Dec-2018 05:14:21,21.243,49.007
31-Dec-2018 05:20:16,21.213,49.071
31-Dec-2018 05:25:46,21.2,49.03
31-Dec-2018 05:31:16,21.144,49.02
31-Dec-2018 05:36:46,21.171,49.038
31-Dec-2018 05:42:16,21.101,49.126
31-Dec-2018 05:47:46,21.088,49.03
31-Dec-2018 05:53:16,21.072,49.038
31-Dec-2018 05:58:46,21.045,48.989
31-Dec-2018 06:04:41,21.003,48.96
31-Dec-2018 06:11:01,20.976,48.989
31-Dec-2018 06:16:31,20.976,49.026
31-Dec-2018 06:22:27,20.933,49.079
31-Dec-2018 06:27:57,20.89,49.181
31-Dec-2018 06:34:17,20.904,49.129
31-Dec-2018 06:39:47,20.89,49.204
31-Dec-2018 06:46:07,20.96,49.177
31-Dec-2018 06:51:37,21.101,48.952
31-Dec-2018 06:57:07,21.272,48.742
31-Dec-2018 07:02:37,21.456,48.431
31-Dec-2018 07:08:07,21.625,48.092
31-Dec-2018 07:13:38,21.836,47.831
31-Dec-2018 07:19:08,21.937,47.634
31-Dec-2018 07:25:03,22.132,47.381
31-Dec-2018 07:31:23,22.218,47.185
31-Dec-2018 07:36:53,22.386,46.983
31-Dec-2018 07:42:24,22.471,46.819
31-Dec-2018 07:48:19,22.586,46.685
31-Dec-2018 07:53:49,22.741,46.52
31-Dec-2018 07:59:19,22.81,46.448
31-Dec-2018 08:06:04,22.853,46.273
31-Dec-2018 08:11:34,22.995,46.145
31-Dec-2018 08:17:04,23.077,46.007
31-Dec-2018 08:22:34,23.123,45.957
31-Dec-2018 08:28:29,23.208,45.884
31-Dec-2018 08:33:59,23.334,45.734
31-Dec-2018 08:39:29,23.39,45.711
31-Dec-2018 08:45:24,23.475,45.568
31-Dec-2018 08:50:54,23.489,45.426
31-Dec-2018 08:56:24,23.502,45.568
31-Dec-2018 09:02:20,23.502,45.766
31-Dec-2018 09:08:15,23.502,45.762
31-Dec-2018 09:14:10,23.459,45.771
31-Dec-2018 09:19:40,23.433,45.835
31-Dec-2018 09:26:00,23.419,45.899
31-Dec-2018 09:31:30,23.363,46.004
31-Dec-2018 09:37:00,23.278,46.183
31-Dec-2018 09:43:46,23.248,46.273
31-Dec-2018 09:49:16,23.222,46.334
31-Dec-2018 09:54:46,23.136,46.181
31-Dec-2018 10:01:06,23.123,46.197
31-Dec-2018 10:06:36,23.035,46.513
31-Dec-2018 10:12:32,22.995,46.622
31-Dec-2018 10:18:27,22.922,46.783
31-Dec-2018 10:23:57,22.853,46.847
31-Dec-2018 10:29:27,22.81,46.847
31-Dec-2018 10:34:57,22.784,46.845
31-Dec-2018 10:41:17,22.698,46.989
31-Dec-2018 10:46:47,22.685,46.979
31-Dec-2018 10:52:18,22.599,47.138
31-Dec-2018 10:57:48,22.573,47.285
31-Dec-2018 11:03:18,22.501,47.362
31-Dec-2018 11:08:48,22.487,47.309
31-Dec-2018 11:14:18,22.442,47.271
31-Dec-2018 11:21:05,22.359,46.571
31-Dec-2018 11:26:35,22.316,45.582
31-Dec-2018 11:32:06,22.26,44.273
31-Dec-2018 11:38:06,22.247,43.606
31-Dec-2018 11:43:36,22.132,43.162
31-Dec-2018 11:49:07,22.119,42.727
31-Dec-2018 11:54:37,22.036,42.13
31-Dec-2018 12:00:57,21.977,41.765
31-Dec-2018 12:06:27,21.881,41.61
31-Dec-2018 12:11:57,21.836,41.81
31-Dec-2018 12:18:16,21.793,42.354
31-Dec-2018 12:24:09,21.793,44.631
31-Dec-2018 12:29:40,21.78,44.9
31-Dec-2018 12:36:00,21.75,45.316
31-Dec-2018 12:41:30,21.694,45.711
31-Dec-2018 12:47:00,21.638,45.986
31-Dec-2018 12:52:31,21.595,46.131
31-Dec-2018 12:58:03,21.555,46.288
31-Dec-2018 13:03:58,21.513,46.361
31-Dec-2018 13:09:28,21.456,46.444
31-Dec-2018 13:14:58,21.427,46.59
31-Dec-2018 13:20:54,21.414,46.622
31-Dec-2018 13:26:24,21.384,46.696
31-Dec-2018 13:31:54,21.328,46.764
31-Dec-2018 13:37:24,21.315,46.842
31-Dec-2018 13:42:54,21.286,46.929
31-Dec-2018 13:48:50,21.272,47.01
31-Dec-2018 13:57:15,21.213,47.085
31-Dec-2018 14:02:45,21.171,47.245
31-Dec-2018 14:08:16,21.131,47.337
31-Dec-2018 14:13:46,21.115,47.472
31-Dec-2018 14:19:17,21.101,47.687
31-Dec-2018 14:26:03,21.059,47.784
31-Dec-2018 14:31:33,21.059,47.753
31-Dec-2018 14:37:04,21.003,47.861
31-Dec-2018 14:42:34,21.016,47.872
31-Dec-2018 14:48:30,20.96,47.918
31-Dec-2018 14:54:26,20.933,47.877
31-Dec-2018 15:00:47,20.92,47.926
31-Dec-2018 15:06:17,20.89,47.93
31-Dec-2018 15:11:47,20.904,48.013
31-Dec-2018 15:17:17,20.848,48.064
31-Dec-2018 15:23:13,20.834,48.109
31-Dec-2018 15:28:43,20.805,47.198
31-Dec-2018 15:34:13,20.792,46.864
31-Dec-2018 15:39:43,20.765,46.151
31-Dec-2018 15:46:30,20.693,46.474
31-Dec-2018 15:52:25,20.679,47.03
31-Dec-2018 15:57:55,20.722,46.717
31-Dec-2018 16:03:25,20.693,47.19
31-Dec-2018 16:09:20,20.693,47.839
31-Dec-2018 16:16:57,20.821,47.12
31-Dec-2018 16:22:53,21.032,47.373
31-Dec-2018 16:28:24,21.256,47.314
31-Dec-2018 16:33:54,21.4,47.007
31-Dec-2018 16:39:24,21.483,46.9
31-Dec-2018 16:44:54,21.539,46.677
31-Dec-2018 16:50:25,21.625,46.616
31-Dec-2018 16:56:20,21.638,46.74
31-Dec-2018 17:01:51,21.651,46.329
31-Dec-2018 17:07:21,21.694,46.58
31-Dec-2018 17:12:52,21.694,46.554
31-Dec-2018 17:18:47,21.766,46.712
31-Dec-2018 17:24:17,21.707,46.709
31-Dec-2018 17:31:03,21.724,47.88
31-Dec-2018 17:36:58,21.707,48.193
31-Dec-2018 17:42:29,21.707,48.44
31-Dec-2018 17:47:59,21.724,48.804
31-Dec-2018 17:53:29,21.737,49.262
31-Dec-2018 17:59:25,21.694,49.885
31-Dec-2018 18:04:55,21.667,48.733
31-Dec-2018 18:10:26,21.651,48.333
31-Dec-2018 18:15:57,21.611,48.074
31-Dec-2018 18:21:27,21.582,47.916
31-Dec-2018 18:26:58,21.539,47.784
31-Dec-2018 18:32:28,21.497,46.769
31-Dec-2018 18:38:23,21.44,45.982
31-Dec-2018 18:43:54,21.384,44.831
31-Dec-2018 18:49:24,21.344,44.533
31-Dec-2018 18:54:55,21.315,43.851
31-Dec-2018 19:00:26,21.256,43.984
31-Dec-2018 19:05:56,21.213,43.54
31-Dec-2018 19:11:27,21.187,44.025
31-Dec-2018 19:16:57,21.045,42.245
31-Dec-2018 19:22:27,20.834,41.375
31-Dec-2018 19:27:57,20.634,41.238
31-Dec-2018 19:33:27,20.607,40.905
31-Dec-2018 19:38:58,20.607,41.759
31-Dec-2018 19:44:28,20.621,41.466
31-Dec-2018 19:49:58,20.634,41.839
31-Dec-2018 19:55:28,20.634,42.333
31-Dec-2018 20:00:58,20.607,42.867
31-Dec-2018 20:07:19,20.621,44.643
31-Dec-2018 20:12:49,20.634,44.588
31-Dec-2018 20:18:19,20.634,44.805
31-Dec-2018 20:23:49,20.607,44.462
31-Dec-2018 20:30:59,20.578,44.941
31-Dec-2018 20:36:29,20.591,45.769
31-Dec-2018 20:43:14,20.591,46.737
31-Dec-2018 20:48:45,20.578,47.012
31-Dec-2018 20:54:15,20.565,47.271
31-Dec-2018 20:59:45,20.578,47.405
31-Dec-2018 21:06:30,20.509,47.675
31-Dec-2018 21:12:00,20.565,47.822
31-Dec-2018 21:17:55,20.535,48.209
31-Dec-2018 21:23:50,20.535,48.92
31-Dec-2018 21:29:21,20.565,49.299
31-Dec-2018 21:34:51,20.565,48.751
31-Dec-2018 21:40:21,20.634,48.582
31-Dec-2018 21:45:51,20.778,49.047
31-Dec-2018 21:51:46,20.848,48.997
31-Dec-2018 21:57:42,20.864,49.424
31-Dec-2018 22:03:12,20.92,49.557
31-Dec-2018 22:08:43,20.989,50.115
31-Dec-2018 22:14:13,20.989,49.377
31-Dec-2018 22:19:43,21.003,49.583
31-Dec-2018 22:26:03,21.003,48.573
31-Dec-2018 22:31:33,20.989,47.533
31-Dec-2018 22:37:29,20.946,47.153
31-Dec-2018 22:43:49,20.877,46.888
31-Dec-2018 22:49:20,20.864,46.937
31-Dec-2018 22:54:50,20.864,46.453
31-Dec-2018 23:01:10,20.821,47.573
31-Dec-2018 23:06:40,20.864,49.024
31-Dec-2018 23:12:10,20.877,50.285
31-Dec-2018 23:17:40,20.92,51.081
31-Dec-2018 23:23:11,20.946,51.003
31-Dec-2018 23:28:41,20.89,49.285
31-Dec-2018 23:34:11,20.864,47.543
31-Dec-2018 23:39:41,20.805,45.097
31-Dec-2018 23:46:01,20.848,46.036
31-Dec-2018 23:51:31,20.834,47.495
31-Dec-2018 23:57:01,20.805,48.31
01-Jan-2019 00:02:31,20.792,47.523
01-Jan-2019 00:08:26,20.765,46.957
01-Jan-2019 00:13:56,20.709,46.543
01-Jan-2019 00:19:27,20.709,46.38
01-Jan-2019 00:24:57,20.65,45.858
01-Jan-2019 00:30:52,20.591,45.646
01-Jan-2019 00:36:47,20.591,45.312
01-Jan-2019 00:42:17,20.565,45.299
01-Jan-2019 00:47:47,20.607,45.739
01-Jan-2019 00:53:17,20.607,45.957
01-Jan-2019 00:59:12,20.591,46.639
01-Jan-2019 01:05:07,20.65,46.708
01-Jan-2019 01:11:02,20.65,46.754
01-Jan-2019 01:16:32,20.591,48.548
01-Jan-2019 01:22:02,20.65,48.678
01-Jan-2019 01:27:33,20.679,49.491
01-Jan-2019 01:33:03,20.778,50.874
01-Jan-2019 01:38:33,20.805,51.077
01-Jan-2019 01:44:04,20.864,49.863
01-Jan-2019 01:50:00,20.848,50.622
01-Jan-2019 01:55:55,20.848,49.537
01-Jan-2019 02:02:15,20.821,47.687
01-Jan-2019 02:08:10,20.792,47.868
01-Jan-2019 02:13:40,20.693,46.836
01-Jan-2019 02:19:11,20.65,45.789
01-Jan-2019 02:24:41,20.479,41.921
01-Jan-2019 02:31:01,20.38,42.762
01-Jan-2019 02:36:31,20.268,41.656
01-Jan-2019 02:42:03,20.1,41.683
01-Jan-2019 02:47:33,19.988,40.986
01-Jan-2019 02:53:03,19.788,40.722
01-Jan-2019 02:58:34,19.817,42.075
01-Jan-2019 03:04:04,19.9,42.631
01-Jan-2019 03:09:34,19.929,43.532
01-Jan-2019 03:15:04,19.942,44.227
01-Jan-2019 03:21:00,19.929,42.885
01-Jan-2019 03:26:30,19.916,42.525
01-Jan-2019 03:32:00,19.929,43.963
01-Jan-2019 03:37:30,19.974,44.878
01-Jan-2019 03:43:00,20.044,45.959
01-Jan-2019 03:48:56,20.1,47.199
01-Jan-2019 03:54:26,20.129,47.817
01-Jan-2019 03:59:58,20.087,48.077
01-Jan-2019 04:06:20,19.9,43.038
01-Jan-2019 04:11:50,19.929,45.614
01-Jan-2019 04:17:20,19.929,44.218
01-Jan-2019 04:23:15,19.788,41.962
01-Jan-2019 04:28:45,19.689,42.693
01-Jan-2019 04:34:15,19.705,42.739
01-Jan-2019 04:39:45,19.718,43.641
01-Jan-2019 04:46:05,19.761,45.011
01-Jan-2019 04:51:36,19.761,45.56
01-Jan-2019 04:57:30,19.774,45.76
01-Jan-2019 05:03:00,19.774,46.737
01-Jan-2019 05:08:31,19.86,48.836
01-Jan-2019 05:14:01,19.886,50.06
01-Jan-2019 05:19:31,19.9,49.647
01-Jan-2019 05:25:01,19.886,48.55
01-Jan-2019 05:30:56,19.873,47.968
01-Jan-2019 05:36:51,19.83,47.23
01-Jan-2019 05:42:47,19.817,47.419
01-Jan-2019 05:48:17,19.886,48.891
01-Jan-2019 05:53:47,19.929,49.868
01-Jan-2019 05:59:17,19.961,50.361
01-Jan-2019 06:04:47,19.942,50.027
01-Jan-2019 06:11:07,19.961,50.169
01-Jan-2019 06:16:37,19.974,50.018
01-Jan-2019 06:22:07,19.988,50.507
01-Jan-2019 06:27:37,20.001,51.125
01-Jan-2019 06:33:07,20.057,51.768
01-Jan-2019 06:38:37,20.057,50.06
01-Jan-2019 06:44:07,20.1,48.6
01-Jan-2019 06:49:38,20.228,47.99
01-Jan-2019 06:55:59,20.423,47.884
01-Jan-2019 07:01:55,20.679,47.959
01-Jan-2019 07:07:26,20.877,47.767
01-Jan-2019 07:12:56,21.059,47.555
01-Jan-2019 07:18:27,21.243,47.909
01-Jan-2019 07:23:57,21.328,46.764
01-Jan-2019 07:29:27,21.483,46.004
01-Jan-2019 07:35:22,21.667,45.478
01-Jan-2019 07:41:17,21.707,44.286
01-Jan-2019 07:46:48,21.822,44.086
01-Jan-2019 07:52:18,21.964,43.78
01-Jan-2019 07:58:13,21.964,42.043
01-Jan-2019 08:03:43,21.993,41.331
01-Jan-2019 08:09:38,22.105,41.361
01-Jan-2019 08:15:58,22.247,41.028
01-Jan-2019 08:21:29,22.204,40.468
01-Jan-2019 08:27:28,22.036,37.612
01-Jan-2019 08:32:59,22.049,37.501
01-Jan-2019 08:38:29,22.092,38.122
01-Jan-2019 08:43:59,22.204,38.619
01-Jan-2019 08:49:29,22.303,38.825
01-Jan-2019 08:55:00,22.399,39.178
01-Jan-2019 09:00:55,22.399,38.784
01-Jan-2019 09:06:50,22.428,38.671
01-Jan-2019 09:12:21,22.557,38.616
01-Jan-2019 09:18:16,22.458,37.557
01-Jan-2019 09:24:11,22.573,37.874
01-Jan-2019 09:30:58,22.698,38.447
01-Jan-2019 09:36:29,22.81,38.798
01-Jan-2019 09:42:00,22.909,39.191
01-Jan-2019 09:47:30,22.979,39.635
01-Jan-2019 09:53:25,23.021,39.957
01-Jan-2019 09:59:20,23.077,40.185
01-Jan-2019 10:04:52,23.136,40.487
01-Jan-2019 10:11:13,23.109,40.642
01-Jan-2019 10:16:43,23.136,40.922
01-Jan-2019 10:22:14,23.109,41.16
01-Jan-2019 10:27:44,23.064,41.404
01-Jan-2019 10:33:39,23.035,41.617
01-Jan-2019 10:39:34,22.965,41.865
01-Jan-2019 10:45:54,22.909,42.139
01-Jan-2019 10:51:25,22.81,42.402
01-Jan-2019 10:56:55,22.784,42.538
01-Jan-2019 11:02:25,22.728,42.721
01-Jan-2019 11:08:20,22.655,42.995
01-Jan-2019 11:13:50,22.586,43.157
01-Jan-2019 11:19:20,22.557,43.285
01-Jan-2019 11:24:51,22.501,43.441
01-Jan-2019 11:30:21,22.415,43.622
01-Jan-2019 11:35:51,22.399,43.729
01-Jan-2019 11:41:21,22.287,43.912
01-Jan-2019 11:46:52,22.26,44.012
01-Jan-2019 11:52:22,22.188,44.192
01-Jan-2019 11:57:52,22.132,44.526
01-Jan-2019 12:03:23,22.092,45.13
01-Jan-2019 12:09:19,22.076,45.721
01-Jan-2019 12:14:49,22.036,46.041
01-Jan-2019 12:21:10,21.964,46.259
01-Jan-2019 12:26:40,21.908,46.255
01-Jan-2019 12:32:10,21.908,46.332
01-Jan-2019 12:37:40,21.849,46.442
01-Jan-2019 12:43:11,21.806,46.694
01-Jan-2019 12:49:06,21.766,46.764
01-Jan-2019 12:54:36,21.737,46.877
01-Jan-2019 13:01:21,21.724,46.987
01-Jan-2019 13:06:51,21.638,47.166
01-Jan-2019 13:13:11,21.595,47.506
01-Jan-2019 13:19:06,21.569,47.387
01-Jan-2019 13:24:37,21.513,47.382
01-Jan-2019 13:30:57,21.456,47.491
01-Jan-2019 13:36:27,21.427,47.509
01-Jan-2019 13:42:22,21.358,47.529
01-Jan-2019 13:48:17,21.286,47.555
01-Jan-2019 13:54:14,21.272,47.552
01-Jan-2019 13:59:44,21.213,47.591
01-Jan-2019 14:06:55,21.157,47.633
01-Jan-2019 14:12:25,21.115,47.66
01-Jan-2019 14:17:56,21.088,47.724
01-Jan-2019 14:23:27,21.045,47.752
01-Jan-2019 14:28:57,21.016,47.752
01-Jan-2019 14:34:28,20.976,47.675
01-Jan-2019 14:40:23,20.946,46.934
01-Jan-2019 14:45:54,20.933,45.844
01-Jan-2019 14:51:24,20.848,45.08
01-Jan-2019 14:56:54,20.805,44.945
01-Jan-2019 15:02:25,20.722,45.409
01-Jan-2019 15:07:56,20.709,45.936
01-Jan-2019 15:13:27,20.666,46.389
01-Jan-2019 15:18:58,20.679,46.763
01-Jan-2019 15:25:19,20.666,47.199
01-Jan-2019 15:30:50,20.65,47.501
01-Jan-2019 15:36:21,20.666,47.774
01-Jan-2019 15:41:52,20.634,47.982
01-Jan-2019 15:47:22,20.666,48.2
01-Jan-2019 15:52:52,20.65,48.193
01-Jan-2019 15:58:22,20.666,48.527
01-Jan-2019 16:04:17,20.65,48.609
01-Jan-2019 16:11:06,20.65,48.74
01-Jan-2019 16:17:02,20.722,48.898
01-Jan-2019 16:22:33,20.904,48.829
01-Jan-2019 16:28:56,21.115,48.609
01-Jan-2019 16:35:19,21.456,48.608
01-Jan-2019 16:41:15,21.611,48.635
01-Jan-2019 16:46:46,21.766,48.745
01-Jan-2019 16:52:42,21.977,48.975
01-Jan-2019 16:58:37,22.119,48.64
01-Jan-2019 17:04:07,22.303,48.412
01-Jan-2019 17:09:37,22.415,48.685
01-Jan-2019 17:15:58,22.586,48.138
01-Jan-2019 17:21:28,22.784,47.735
01-Jan-2019 17:27:25,22.965,47.799
01-Jan-2019 17:32:56,23.035,48.174
01-Jan-2019 17:38:26,23.278,47.472
01-Jan-2019 17:43:56,23.347,47.849
01-Jan-2019 17:49:51,23.545,48.142
01-Jan-2019 17:55:47,23.574,48.141
01-Jan-2019 18:01:17,23.643,47.619
01-Jan-2019 18:07:13,23.758,47.184
01-Jan-2019 18:12:44,23.745,46.612
01-Jan-2019 18:18:43,23.828,44.288
01-Jan-2019 18:24:14,23.828,42.094
01-Jan-2019 18:29:44,23.884,39.706
01-Jan-2019 18:36:30,23.969,38.505
01-Jan-2019 18:42:03,24.025,37.852
01-Jan-2019 18:47:35,24.068,37.209
01-Jan-2019 18:53:07,24.012,36.861
01-Jan-2019 18:58:38,23.996,36.246
01-Jan-2019 19:04:09,23.927,35.802
01-Jan-2019 19:09:41,23.857,35.447
01-Jan-2019 19:16:27,23.745,35.062
01-Jan-2019 19:23:15,23.643,34.873
01-Jan-2019 19:28:47,23.531,34.495
01-Jan-2019 19:34:20,23.433,34.472
01-Jan-2019 19:39:50,23.363,34.421
01-Jan-2019 19:45:23,23.235,34.324
01-Jan-2019 19:50:53,23.179,34.186
01-Jan-2019 19:56:24,23.064,34.101
01-Jan-2019 20:01:55,22.979,34.22
01-Jan-2019 20:07:52,22.896,34.25
01-Jan-2019 20:13:22,22.824,34.374
01-Jan-2019 20:19:19,22.698,34.273
01-Jan-2019 20:25:16,22.599,34.316
01-Jan-2019 20:30:51,22.517,34.255
01-Jan-2019 20:36:25,22.517,34.214
01-Jan-2019 20:41:58,22.543,33.902
01-Jan-2019 20:48:21,22.642,33.674
01-Jan-2019 20:53:52,22.768,33.368
01-Jan-2019 20:59:22,22.866,33.225
01-Jan-2019 21:04:53,22.979,32.923
01-Jan-2019 21:11:16,23.051,32.576
01-Jan-2019 21:16:46,23.136,32.81
01-Jan-2019 21:22:18,23.192,34.156
01-Jan-2019 21:28:13,23.208,35.401
01-Jan-2019 21:33:45,23.248,35.967
01-Jan-2019 21:39:41,23.179,35.47
01-Jan-2019 21:46:26,23.064,34.704
01-Jan-2019 21:51:57,23.021,34.005
01-Jan-2019 21:57:28,22.909,33.931
01-Jan-2019 22:03:23,22.84,34.325
01-Jan-2019 22:08:53,22.784,34.603
01-Jan-2019 22:14:23,22.728,34.916
01-Jan-2019 22:19:54,22.671,35.203
01-Jan-2019 22:25:52,22.586,35.326
01-Jan-2019 22:31:51,22.517,35.534
01-Jan-2019 22:37:23,22.458,35.671
01-Jan-2019 22:42:55,22.372,35.83
01-Jan-2019 22:48:26,22.303,35.94
01-Jan-2019 22:53:59,22.247,36.11
01-Jan-2019 22:59:30,22.204,36.095
01-Jan-2019 23:05:01,22.218,35.637
01-Jan-2019 23:10:57,22.274,34.255
01-Jan-2019 23:16:56,22.343,32.854
01-Jan-2019 23:22:27,22.458,31.922
01-Jan-2019 23:28:22,22.586,31.183
01-Jan-2019 23:33:54,22.642,30.819
01-Jan-2019 23:39:25,22.698,30.178
01-Jan-2019 23:44:56,22.712,29.911
01-Jan-2019 23:50:27,22.741,29.503
01-Jan-2019 23:56:23,22.671,29.567
02-Jan-2019 00:01:55,22.629,29.467
02-Jan-2019 00:08:16,22.613,30.506
02-Jan-2019 00:13:47,22.573,31.62
02-Jan-2019 00:19:17,22.53,32.758
02-Jan-2019 00:24:49,22.487,33.931
02-Jan-2019 00:31:42,22.442,35.181
02-Jan-2019 00:37:39,22.399,35.871
02-Jan-2019 00:43:09,22.343,36.532
02-Jan-2019 00:49:04,22.287,37.382
02-Jan-2019 00:55:00,22.26,38.299
02-Jan-2019 01:00:57,22.204,38.685
02-Jan-2019 01:06:27,22.161,38.767
02-Jan-2019 01:12:22,22.076,38.697
02-Jan-2019 01:17:52,22.063,38.637
02-Jan-2019 01:24:12,21.977,38.642
02-Jan-2019 01:31:00,21.908,38.74
02-Jan-2019 01:36:30,21.881,38.788
02-Jan-2019 01:42:50,21.822,38.831
02-Jan-2019 01:48:21,21.766,38.936
02-Jan-2019 01:53:52,21.724,38.972
02-Jan-2019 01:59:23,21.651,39.063
02-Jan-2019 02:04:53,21.582,39.152
02-Jan-2019 02:10:49,21.555,39.274
02-Jan-2019 02:16:20,21.483,39.394
02-Jan-2019 02:21:50,21.427,39.481
02-Jan-2019 02:27:47,21.371,39.612
02-Jan-2019 02:34:08,21.344,39.696
02-Jan-2019 02:41:20,21.286,39.806
02-Jan-2019 02:47:17,21.227,39.878
02-Jan-2019 02:52:47,21.2,39.811
02-Jan-2019 02:58:18,21.171,39.866
02-Jan-2019 03:04:15,21.131,39.992
02-Jan-2019 03:09:45,21.088,40.012
02-Jan-2019 03:16:07,21.016,40.085
02-Jan-2019 03:22:04,20.989,40.121
02-Jan-2019 03:27:37,20.96,40.241
02-Jan-2019 03:33:33,20.92,40.226
02-Jan-2019 03:39:03,20.89,40.246
02-Jan-2019 03:44:33,20.834,40.336
02-Jan-2019 03:50:28,20.792,40.392
02-Jan-2019 03:56:00,20.778,40.441
02-Jan-2019 04:01:30,20.722,40.459
02-Jan-2019 04:07:00,20.709,40.529
02-Jan-2019 04:12:31,20.65,40.58
02-Jan-2019 04:18:01,20.607,40.652
02-Jan-2019 04:23:31,20.591,40.749
02-Jan-2019 04:29:02,20.565,40.758
02-Jan-2019 04:34:57,20.522,40.768
02-Jan-2019 04:40:53,20.466,40.864
02-Jan-2019 04:46:49,20.423,40.951
02-Jan-2019 04:52:20,20.38,40.983
02-Jan-2019 04:58:40,20.354,41.045
02-Jan-2019 05:05:00,20.354,41.102
02-Jan-2019 05:10:57,20.298,41.152
02-Jan-2019 05:16:28,20.255,41.192
02-Jan-2019 05:21:59,20.255,41.221
02-Jan-2019 05:27:29,20.212,41.248
02-Jan-2019 05:33:00,20.199,41.32
02-Jan-2019 05:38:31,20.143,41.367
02-Jan-2019 05:44:01,20.143,41.285
02-Jan-2019 05:49:31,20.1,41.439
02-Jan-2019 05:55:01,20.073,41.431
02-Jan-2019 06:00:57,20.031,41.431
02-Jan-2019 06:06:28,19.988,41.555
02-Jan-2019 06:11:59,19.974,41.5
02-Jan-2019 06:17:55,19.942,41.512
02-Jan-2019 06:23:27,19.916,41.559
02-Jan-2019 06:29:22,19.886,41.558
02-Jan-2019 06:35:19,19.83,41.569
02-Jan-2019 06:40:49,19.844,41.669
02-Jan-2019 06:46:19,19.9,41.573
02-Jan-2019 06:52:14,20.073,41.248
02-Jan-2019 06:57:44,20.311,41.001
02-Jan-2019 07:03:15,20.522,40.629
02-Jan-2019 07:08:45,20.709,40.322
02-Jan-2019 07:14:16,20.933,39.985
02-Jan-2019 07:19:46,21.131,39.692
02-Jan-2019 07:26:06,21.286,39.635
02-Jan-2019 07:32:03,21.371,39.498
02-Jan-2019 07:37:33,21.539,39.193
02-Jan-2019 07:43:03,21.667,39.229
02-Jan-2019 07:48:33,21.724,39.037
02-Jan-2019 07:54:03,21.849,38.909
02-Jan-2019 07:59:34,21.993,38.683
02-Jan-2019 08:05:04,22.063,38.628
02-Jan-2019 08:10:59,22.119,38.46
02-Jan-2019 08:16:29,22.247,38.303
02-Jan-2019 08:22:25,22.303,38.209
02-Jan-2019 08:27:56,22.386,38.065
02-Jan-2019 08:33:51,22.517,38.053
02-Jan-2019 08:39:21,22.53,37.952
02-Jan-2019 08:46:57,22.613,37.91
02-Jan-2019 08:52:27,22.671,37.847
02-Jan-2019 08:57:57,22.768,37.644
02-Jan-2019 09:03:29,22.84,37.635
02-Jan-2019 09:09:24,22.88,37.536
02-Jan-2019 09:14:54,22.952,37.527
02-Jan-2019 09:20:24,23.051,37.447
02-Jan-2019 09:25:54,23.077,37.314
02-Jan-2019 09:31:24,23.165,37.308
02-Jan-2019 09:36:54,23.222,37.195
02-Jan-2019 09:42:50,23.278,37.217
02-Jan-2019 09:48:47,23.32,37.13
02-Jan-2019 09:54:17,23.32,37.111
02-Jan-2019 09:59:48,23.419,36.989
02-Jan-2019 10:06:08,23.363,37.136
02-Jan-2019 10:12:28,23.334,37.185
02-Jan-2019 10:18:23,23.291,37.255
02-Jan-2019 10:24:43,23.264,37.404
02-Jan-2019 10:32:20,23.136,37.501
02-Jan-2019 10:37:50,23.109,37.581
02-Jan-2019 10:43:20,23.051,37.6
02-Jan-2019 10:48:50,22.965,37.737
02-Jan-2019 10:54:21,22.866,37.87
02-Jan-2019 10:59:52,22.81,37.974
02-Jan-2019 11:06:13,22.728,38.053
02-Jan-2019 11:11:43,22.642,38.099
02-Jan-2019 11:17:14,22.557,38.294
02-Jan-2019 11:22:44,22.471,38.427
02-Jan-2019 11:29:06,22.399,38.523
02-Jan-2019 11:35:27,22.316,38.692
02-Jan-2019 11:40:56,22.231,38.451
02-Jan-2019 11:46:51,22.132,37.671
02-Jan-2019 11:52:46,22.049,37.639
02-Jan-2019 11:58:17,21.964,37.897
02-Jan-2019 12:04:11,21.908,38.111
02-Jan-2019 12:09:41,21.862,38.616
02-Jan-2019 12:16:27,21.78,39.145
02-Jan-2019 12:23:37,21.724,40.418
02-Jan-2019 12:29:32,21.651,41.765
02-Jan-2019 12:35:02,21.625,41.851
02-Jan-2019 12:40:58,21.555,41.344
02-Jan-2019 12:48:31,21.47,41.494
02-Jan-2019 12:54:01,21.539,45.788
02-Jan-2019 12:59:31,21.667,50.404
02-Jan-2019 13:05:02,21.611,52.395
02-Jan-2019 13:10:56,21.694,51.081
02-Jan-2019 13:16:27,21.638,50.578
02-Jan-2019 13:22:23,21.582,47.692
02-Jan-2019 13:27:55,21.555,47.948
02-Jan-2019 13:33:25,21.483,47.259
02-Jan-2019 13:38:55,21.414,46.667
02-Jan-2019 13:44:49,21.371,46.343
02-Jan-2019 13:50:19,21.286,46.618
02-Jan-2019 13:55:51,21.227,45.675
02-Jan-2019 14:01:21,21.171,45.733
02-Jan-2019 14:06:51,21.171,45.853
02-Jan-2019 14:12:22,21.101,45.721
02-Jan-2019 14:17:52,21.059,45
02-Jan-2019 14:23:22,21.003,44.901
02-Jan-2019 14:28:52,20.946,44.744
02-Jan-2019 14:34:22,20.92,44.598
02-Jan-2019 14:39:52,20.89,44.442
02-Jan-2019 14:45:47,20.821,44.315
02-Jan-2019 14:51:42,20.792,44.182
02-Jan-2019 14:58:03,20.735,44.086
02-Jan-2019 15:03:32,20.709,43.986
02-Jan-2019 15:09:28,20.666,44.044
02-Jan-2019 15:15:00,20.621,43.975
02-Jan-2019 15:20:54,20.607,43.952
02-Jan-2019 15:26:24,20.565,44.334
02-Jan-2019 15:32:19,20.551,46.242
02-Jan-2019 15:38:14,20.495,45.49
02-Jan-2019 15:44:09,20.479,45.208
02-Jan-2019 15:49:39,20.452,44.97
02-Jan-2019 15:55:09,20.396,44.833
02-Jan-2019 16:01:29,20.354,44.668
02-Jan-2019 16:06:59,20.324,44.552
02-Jan-2019 16:12:30,20.367,44.471
02-Jan-2019 16:18:00,20.509,44.117
02-Jan-2019 16:23:55,20.693,43.764
02-Jan-2019 16:29:25,20.89,43.696
02-Jan-2019 16:34:56,21.045,43.67
02-Jan-2019 16:40:51,21.243,43.111
02-Jan-2019 16:46:21,21.427,42.29
02-Jan-2019 16:51:51,21.611,42.954
02-Jan-2019 16:57:21,22.02,42.835
02-Jan-2019 17:02:51,22.049,42.956
02-Jan-2019 17:08:21,22.105,42.753
02-Jan-2019 17:13:51,22.161,41.788
02-Jan-2019 17:19:45,22.231,41.779
02-Jan-2019 17:26:30,22.33,42.21
02-Jan-2019 17:32:00,22.372,43.018
02-Jan-2019 17:37:56,22.517,43.586
02-Jan-2019 17:43:26,22.642,43.952
02-Jan-2019 17:49:20,22.642,43.5
02-Jan-2019 17:54:50,22.768,43.363
02-Jan-2019 18:01:10,22.88,43.175
02-Jan-2019 18:07:05,22.952,43.261
02-Jan-2019 18:12:35,23.035,43.568
02-Jan-2019 18:18:06,23.123,44.73
02-Jan-2019 18:23:35,23.208,42.951
02-Jan-2019 18:29:05,23.222,43.001
02-Jan-2019 18:36:17,23.363,43
02-Jan-2019 18:42:36,23.403,42.791
02-Jan-2019 18:48:58,23.459,42.409
02-Jan-2019 18:54:28,23.515,42.155
02-Jan-2019 19:00:24,23.475,42.274
02-Jan-2019 19:05:54,23.489,42.058
02-Jan-2019 19:11:49,23.459,41.819
02-Jan-2019 19:17:19,23.446,41.778
02-Jan-2019 19:23:38,23.347,41.526
02-Jan-2019 19:29:08,23.264,41.503
02-Jan-2019 19:34:39,23.248,41.353
02-Jan-2019 19:40:09,23.179,41.196
02-Jan-2019 19:46:04,23.093,41.189
02-Jan-2019 19:51:34,23.035,41.297
02-Jan-2019 19:57:29,22.939,41.503
02-Jan-2019 20:03:49,22.853,41.514
02-Jan-2019 20:09:19,22.797,41.495
02-Jan-2019 20:14:49,22.728,41.512
02-Jan-2019 20:20:44,22.642,41.416
02-Jan-2019 20:27:04,22.599,41.427
02-Jan-2019 20:32:34,22.685,41.27
02-Jan-2019 20:38:55,23.008,41.729
02-Jan-2019 20:44:25,23.222,43.719
02-Jan-2019 20:50:19,23.475,46.6
02-Jan-2019 20:55:49,23.884,52.059
02-Jan-2019 21:01:19,24.207,58.138
02-Jan-2019 21:07:39,24.421,56.921
02-Jan-2019 21:13:09,24.45,56.216
02-Jan-2019 21:19:04,24.38,55.172
02-Jan-2019 21:24:34,24.338,53.556
02-Jan-2019 21:30:29,24.223,51.914
02-Jan-2019 21:35:59,24.194,50.443
02-Jan-2019 21:41:54,24.068,49.314
02-Jan-2019 21:47:49,24.012,48.333
02-Jan-2019 21:53:43,23.927,47.483
02-Jan-2019 21:59:13,23.87,46.819
02-Jan-2019 22:04:44,23.772,46.314
02-Jan-2019 22:10:14,23.7,45.879
02-Jan-2019 22:15:43,23.614,45.454
02-Jan-2019 22:21:13,23.574,45.711
02-Jan-2019 22:27:08,23.502,45.794
02-Jan-2019 22:32:38,23.419,45.565
02-Jan-2019 22:38:58,23.32,45.293
02-Jan-2019 22:44:53,23.278,44.965
02-Jan-2019 22:51:13,23.264,44.558
02-Jan-2019 22:56:43,23.363,44.099
02-Jan-2019 23:03:02,23.531,43.661
02-Jan-2019 23:08:32,23.7,43.052
02-Jan-2019 23:14:02,23.729,42.882
02-Jan-2019 23:19:32,23.927,42.626
02-Jan-2019 23:25:27,24.039,42.309
02-Jan-2019 23:30:57,24.039,41.518
02-Jan-2019 23:36:27,24.095,41.324
02-Jan-2019 23:42:22,24.055,41.079
02-Jan-2019 23:47:52,23.996,40.804
02-Jan-2019 23:53:22,23.996,40.775
02-Jan-2019 23:59:17,23.913,40.716
03-Jan-2019 00:04:47,23.9,40.565
03-Jan-2019 00:10:43,23.785,40.351
03-Jan-2019 00:17:28,23.686,40.227
03-Jan-2019 00:23:23,23.574,40.212
03-Jan-2019 00:29:18,23.515,40.145
03-Jan-2019 00:35:14,23.403,40.107
03-Jan-2019 00:41:09,23.32,40.121
03-Jan-2019 00:46:40,23.235,40.095
03-Jan-2019 00:52:10,23.165,40.116
03-Jan-2019 00:58:05,23.077,40.145
03-Jan-2019 01:03:59,23.008,40.121
03-Jan-2019 01:09:54,22.922,40.191
03-Jan-2019 01:15:24,22.84,40.171
03-Jan-2019 01:20:54,22.784,40.186
03-Jan-2019 01:26:24,22.642,40.214
03-Jan-2019 01:31:54,22.586,40.232
03-Jan-2019 01:38:14,22.53,40.214
03-Jan-2019 01:43:44,22.471,40.214
03-Jan-2019 01:49:38,22.359,40.232
03-Jan-2019 01:55:09,22.274,40.313
03-Jan-2019 02:01:03,22.218,40.217
03-Jan-2019 02:07:23,22.119,40.272
03-Jan-2019 02:13:18,22.076,40.276
03-Jan-2019 02:18:47,22.02,40.308
03-Jan-2019 02:24:17,21.937,40.337
03-Jan-2019 02:29:47,21.862,40.368
03-Jan-2019 02:35:42,21.822,40.346
03-Jan-2019 02:41:37,21.737,40.354
03-Jan-2019 02:47:07,21.667,40.386
03-Jan-2019 02:52:37,21.638,40.368
03-Jan-2019 02:58:32,21.582,40.45
03-Jan-2019 03:04:27,21.497,40.447
03-Jan-2019 03:09:57,21.47,40.452
03-Jan-2019 03:16:17,21.384,40.546
03-Jan-2019 03:22:12,21.358,40.542
03-Jan-2019 03:28:07,21.272,40.638
03-Jan-2019 03:33:37,21.243,40.63
03-Jan-2019 03:39:31,21.171,40.652
03-Jan-2019 03:45:26,21.144,40.708
03-Jan-2019 03:51:47,21.088,40.717
03-Jan-2019 03:57:17,21.016,40.711
03-Jan-2019 04:02:46,20.989,40.703
03-Jan-2019 04:08:41,20.904,40.761
03-Jan-2019 04:14:11,20.89,40.758
03-Jan-2019 04:20:54,20.834,40.711
03-Jan-2019 04:26:24,20.792,40.798
03-Jan-2019 04:32:19,20.749,40.804
03-Jan-2019 04:37:49,20.722,40.836
03-Jan-2019 04:43:19,20.679,40.845
03-Jan-2019 04:48:50,20.621,40.919
03-Jan-2019 04:54:19,20.578,40.88
03-Jan-2019 04:59:49,20.551,40.859
03-Jan-2019 05:05:44,20.495,40.891
03-Jan-2019 05:11:41,20.452,40.903
03-Jan-2019 05:17:11,20.452,40.885
03-Jan-2019 05:22:41,20.367,40.894
03-Jan-2019 05:28:36,20.354,40.88
03-Jan-2019 05:34:31,20.311,40.85
03-Jan-2019 05:40:00,20.255,40.858
03-Jan-2019 05:45:56,20.255,40.855
03-Jan-2019 05:51:26,20.212,40.876
03-Jan-2019 05:56:55,20.169,40.758
03-Jan-2019 06:02:26,20.143,40.868
03-Jan-2019 06:08:20,20.1,40.877
03-Jan-2019 06:14:12,20.087,40.862
03-Jan-2019 06:20:58,20.017,40.912
03-Jan-2019 06:27:18,19.988,40.88
03-Jan-2019 06:32:48,19.942,40.964
03-Jan-2019 06:38:18,19.942,40.951
03-Jan-2019 06:44:39,20.001,40.931
03-Jan-2019 06:50:09,20.1,40.665
03-Jan-2019 06:56:03,20.311,40.418
03-Jan-2019 07:01:33,20.522,40.157
03-Jan-2019 07:07:54,20.735,39.85
03-Jan-2019 07:13:24,20.933,39.614
03-Jan-2019 07:18:54,21.115,39.278
03-Jan-2019 07:24:48,21.272,39.031
03-Jan-2019 07:30:18,21.4,38.756
03-Jan-2019 07:36:14,21.539,38.674
03-Jan-2019 07:42:09,21.638,38.518
03-Jan-2019 07:47:39,21.737,38.404
03-Jan-2019 07:53:34,21.849,38.195
03-Jan-2019 08:01:09,21.977,37.978
03-Jan-2019 08:06:39,22.119,37.723
03-Jan-2019 08:12:59,22.218,37.595
03-Jan-2019 08:18:29,22.247,37.632
03-Jan-2019 08:24:24,22.204,37.571
03-Jan-2019 08:29:54,22.26,37.543
03-Jan-2019 08:36:38,22.359,37.415
03-Jan-2019 08:42:08,22.386,37.308
03-Jan-2019 08:48:03,22.517,37.328
03-Jan-2019 08:53:33,22.573,37.566
03-Jan-2019 08:59:28,22.685,37.646
03-Jan-2019 09:04:58,22.655,36.326
03-Jan-2019 09:11:18,22.784,36.188
03-Jan-2019 09:16:48,22.84,36.132
03-Jan-2019 09:22:43,22.922,36.063
03-Jan-2019 09:29:02,22.965,36.187
03-Jan-2019 09:34:33,23.109,36.081
03-Jan-2019 09:40:02,23.109,36.109
03-Jan-2019 09:45:57,23.192,36.22
03-Jan-2019 09:52:17,23.222,36.182
03-Jan-2019 09:58:10,23.347,36.078
03-Jan-2019 10:03:40,23.334,36.078
03-Jan-2019 10:09:10,23.347,36.152
03-Jan-2019 10:14:40,23.291,36.187
03-Jan-2019 10:20:58,23.208,36.274
03-Jan-2019 10:26:28,23.165,36.33
03-Jan-2019 10:31:58,23.093,36.362
03-Jan-2019 10:37:28,23.051,36.484
03-Jan-2019 10:43:22,22.939,36.5
03-Jan-2019 10:49:17,22.853,36.568
03-Jan-2019 10:54:48,22.797,36.628
03-Jan-2019 11:00:18,22.728,37.145
03-Jan-2019 11:06:13,22.671,37.911
03-Jan-2019 11:12:08,22.629,38.683
03-Jan-2019 11:17:38,22.517,38.985
03-Jan-2019 11:23:08,22.458,39.182
03-Jan-2019 11:28:38,22.372,39.109
03-Jan-2019 11:34:36,22.33,39.115
03-Jan-2019 11:40:06,22.247,38.914
03-Jan-2019 11:46:00,22.161,38.917
03-Jan-2019 11:51:31,22.076,38.706
03-Jan-2019 11:57:01,21.964,36.875
03-Jan-2019 12:02:56,21.881,36.788
03-Jan-2019 12:08:26,21.806,36.847
03-Jan-2019 12:13:56,21.694,36.979
03-Jan-2019 12:19:26,21.651,37.163
03-Jan-2019 12:24:55,21.582,37.369
03-Jan-2019 12:32:29,21.483,37.53
03-Jan-2019 12:38:24,21.414,37.626
03-Jan-2019 12:43:55,21.384,37.722
03-Jan-2019 12:49:25,21.302,37.923
03-Jan-2019 12:55:43,21.256,38.029
03-Jan-2019 13:01:37,21.187,38.035
03-Jan-2019 13:07:07,21.101,38.103
03-Jan-2019 13:12:37,21.088,38.239
03-Jan-2019 13:18:07,21.016,38.326
03-Jan-2019 13:24:02,20.96,38.431
03-Jan-2019 13:29:32,20.92,38.529
03-Jan-2019 13:35:52,20.848,38.587
03-Jan-2019 13:41:46,20.778,38.73
03-Jan-2019 13:47:41,20.749,38.944
03-Jan-2019 13:53:11,20.709,39.196
03-Jan-2019 13:58:41,20.65,39.443
03-Jan-2019 14:05:00,20.621,39.315
03-Jan-2019 14:10:55,20.578,38.914
03-Jan-2019 14:16:25,20.495,39.046
03-Jan-2019 14:21:55,20.466,39.129
03-Jan-2019 14:27:50,20.423,39.319
03-Jan-2019 14:33:45,20.396,39.48
03-Jan-2019 14:39:40,20.324,39.55
03-Jan-2019 14:45:59,20.268,39.622
03-Jan-2019 14:51:54,20.241,39.806
03-Jan-2019 14:57:50,20.212,39.933
03-Jan-2019 15:03:20,20.156,40.02
03-Jan-2019 15:09:17,20.143,40.117
03-Jan-2019 15:15:11,20.1,40.163
03-Jan-2019 15:21:57,20.044,40.237
03-Jan-2019 15:28:42,20.001,40.299
03-Jan-2019 15:34:12,20.001,40.345
03-Jan-2019 15:39:41,19.929,40.368
03-Jan-2019 15:46:01,19.929,40.391
03-Jan-2019 15:51:31,19.873,40.447
03-Jan-2019 15:57:01,19.86,40.496
03-Jan-2019 16:03:45,19.817,40.534
03-Jan-2019 16:09:40,19.844,40.629
03-Jan-2019 16:16:00,19.974,40.703
03-Jan-2019 16:22:20,20.284,40.374
03-Jan-2019 16:29:05,20.565,39.921
03-Jan-2019 16:35:50,20.805,39.541
03-Jan-2019 16:41:20,20.989,39.333
03-Jan-2019 16:46:49,21.101,39.205
03-Jan-2019 16:53:34,21.302,38.955
03-Jan-2019 17:00:17,21.4,38.676
03-Jan-2019 17:06:12,21.582,38.483
03-Jan-2019 17:12:07,21.651,38.335
03-Jan-2019 17:17:37,21.793,38.253
03-Jan-2019 17:23:07,21.95,38.048
03-Jan-2019 17:29:26,21.993,37.809
03-Jan-2019 17:34:56,22.119,37.617
03-Jan-2019 17:41:16,22.231,37.603
03-Jan-2019 17:47:11,22.343,37.29
03-Jan-2019 17:52:41,22.487,37.163
03-Jan-2019 17:58:36,22.573,37.282
03-Jan-2019 18:06:36,22.712,37.07
03-Jan-2019 18:12:07,22.712,37.063
03-Jan-2019 18:18:03,22.784,36.919
03-Jan-2019 18:26:28,22.84,36.774
03-Jan-2019 18:31:58,22.922,36.536
03-Jan-2019 18:37:28,23.051,36.439
03-Jan-2019 18:42:58,23.008,36.31
03-Jan-2019 18:48:53,23.152,36.344
03-Jan-2019 18:54:47,23.152,36.791
03-Jan-2019 19:01:07,23.136,36.727
03-Jan-2019 19:07:02,23.064,36.745
03-Jan-2019 19:12:33,22.995,36.626
03-Jan-2019 19:18:28,22.952,36.658
03-Jan-2019 19:23:59,22.88,36.713
03-Jan-2019 19:29:54,22.784,36.704
03-Jan-2019 19:35:24,22.728,36.747
03-Jan-2019 19:41:44,22.642,36.779
03-Jan-2019 19:47:39,22.573,36.87
03-Jan-2019 19:53:34,22.442,36.837
03-Jan-2019 19:59:04,22.386,36.866
03-Jan-2019 20:04:34,22.303,36.907
03-Jan-2019 20:10:54,22.204,36.992
03-Jan-2019 20:16:24,22.132,37.02
03-Jan-2019 20:21:54,22.036,37.125
03-Jan-2019 20:27:24,21.964,37.218
03-Jan-2019 20:33:44,21.977,37.148
03-Jan-2019 20:39:14,22.063,37.095
03-Jan-2019 20:44:44,22.231,36.915
03-Jan-2019 20:50:15,22.386,36.649
03-Jan-2019 20:56:11,22.501,36.585
03-Jan-2019 21:01:41,22.599,36.399
03-Jan-2019 21:07:11,22.712,36.298
03-Jan-2019 21:13:56,22.784,36.056
03-Jan-2019 21:19:26,22.84,36.063
03-Jan-2019 21:25:45,22.84,35.94
03-Jan-2019 21:31:15,22.797,36.233
03-Jan-2019 21:36:45,22.797,36.564
03-Jan-2019 21:42:40,22.797,37.258
03-Jan-2019 21:49:25,22.824,37.682
03-Jan-2019 21:54:54,22.824,38.538
03-Jan-2019 22:00:49,22.728,39.779
03-Jan-2019 22:06:19,22.712,40.031
03-Jan-2019 22:12:14,22.671,40.24
03-Jan-2019 22:18:10,22.586,40.319
03-Jan-2019 22:24:05,22.517,40.468
03-Jan-2019 22:29:35,22.487,40.424
03-Jan-2019 22:35:05,22.487,40.514
03-Jan-2019 22:40:59,22.557,40.835
03-Jan-2019 22:46:54,22.741,40.873
03-Jan-2019 22:52:24,22.824,40.772
03-Jan-2019 22:57:55,22.922,40.574
03-Jan-2019 23:05:55,23.051,40.392
03-Jan-2019 23:11:26,23.192,40.235
03-Jan-2019 23:16:56,23.264,40.012
03-Jan-2019 23:22:26,23.304,39.741
03-Jan-2019 23:28:21,23.304,39.554
03-Jan-2019 23:34:16,23.264,39.393
03-Jan-2019 23:41:01,23.192,39.234
03-Jan-2019 23:46:31,23.179,38.95
03-Jan-2019 23:52:01,23.109,38.711
03-Jan-2019 23:57:56,23.021,38.473
04-Jan-2019 00:03:50,22.965,38.285
04-Jan-2019 00:09:20,22.896,38.239
04-Jan-2019 00:14:51,22.824,38.048
04-Jan-2019 00:21:12,22.741,37.993
04-Jan-2019 00:26:42,22.629,37.946
04-Jan-2019 00:32:37,22.53,37.868
04-Jan-2019 00:38:32,22.458,37.823
04-Jan-2019 00:44:27,22.359,37.823
04-Jan-2019 00:49:57,22.274,37.726
04-Jan-2019 00:55:28,22.175,37.731
04-Jan-2019 01:00:58,22.132,37.696
04-Jan-2019 01:06:53,22.036,37.676
04-Jan-2019 01:12:25,21.95,37.653
04-Jan-2019 01:18:44,21.849,37.671
04-Jan-2019 01:24:14,21.793,37.714
04-Jan-2019 01:29:44,21.707,37.754
04-Jan-2019 01:36:29,21.638,37.719
04-Jan-2019 01:42:24,21.555,37.781
04-Jan-2019 01:48:19,21.497,37.81
04-Jan-2019 01:53:49,21.4,37.865
04-Jan-2019 01:59:20,21.328,37.9
04-Jan-2019 02:04:49,21.286,37.928
04-Jan-2019 02:10:20,21.227,37.975
04-Jan-2019 02:15:50,21.157,37.966
04-Jan-2019 02:22:10,21.101,38.024
04-Jan-2019 02:27:39,21.059,38.058
04-Jan-2019 02:33:09,21.003,38.053
04-Jan-2019 02:38:39,20.92,38.058
04-Jan-2019 02:45:49,20.877,38.152
04-Jan-2019 02:51:19,20.792,38.186
04-Jan-2019 02:56:49,20.749,38.23
04-Jan-2019 03:02:20,20.709,38.273
04-Jan-2019 03:07:49,20.65,38.282
04-Jan-2019 03:13:20,20.607,38.305
04-Jan-2019 03:19:39,20.551,38.36
04-Jan-2019 03:25:09,20.495,38.358
04-Jan-2019 03:31:04,20.466,38.451
04-Jan-2019 03:36:34,20.396,38.424
04-Jan-2019 03:42:04,20.354,38.431
04-Jan-2019 03:47:58,20.324,38.442
04-Jan-2019 03:53:28,20.298,38.528
04-Jan-2019 03:59:23,20.255,38.538
04-Jan-2019 04:04:53,20.212,38.456
04-Jan-2019 04:10:47,20.169,38.491
04-Jan-2019 04:16:17,20.087,38.523
04-Jan-2019 04:21:47,20.073,38.506
04-Jan-2019 04:27:17,20.044,38.479
04-Jan-2019 04:32:47,19.988,38.561
04-Jan-2019 04:39:32,19.961,38.537
04-Jan-2019 04:45:26,19.916,38.579
04-Jan-2019 04:51:46,19.886,38.605
04-Jan-2019 04:57:41,19.804,38.611
04-Jan-2019 05:03:10,19.804,38.584
04-Jan-2019 05:09:05,19.761,38.616
04-Jan-2019 05:14:35,19.731,38.601
04-Jan-2019 05:21:19,19.662,38.56
04-Jan-2019 05:26:49,19.649,38.56
04-Jan-2019 05:33:09,19.577,38.582
04-Jan-2019 05:39:04,19.55,38.602
04-Jan-2019 05:45:48,19.494,38.596
04-Jan-2019 05:51:18,19.464,38.647
04-Jan-2019 05:56:48,19.451,38.614
04-Jan-2019 06:02:18,19.382,38.651
04-Jan-2019 06:08:13,19.352,38.605
04-Jan-2019 06:13:42,19.296,38.605
04-Jan-2019 06:19:37,19.283,38.674
04-Jan-2019 06:25:57,19.24,38.596
04-Jan-2019 06:31:27,19.211,38.698
04-Jan-2019 06:37:47,19.152,38.578
04-Jan-2019 06:43:41,19.227,38.523
04-Jan-2019 06:49:36,19.464,38.254
04-Jan-2019 06:55:06,19.689,38.143
04-Jan-2019 07:01:00,19.961,37.841
04-Jan-2019 07:06:55,20.129,37.636
04-Jan-2019 07:12:51,20.324,37.461
04-Jan-2019 07:18:45,20.452,37.2
04-Jan-2019 07:24:15,20.591,37.017
04-Jan-2019 07:31:00,20.765,36.796
04-Jan-2019 07:37:44,20.904,36.457
04-Jan-2019 07:43:39,21.032,36.452
04-Jan-2019 07:49:09,21.187,36.22
04-Jan-2019 07:54:38,21.213,36.042
04-Jan-2019 08:01:48,21.328,36.005
04-Jan-2019 08:07:18,21.456,35.811
04-Jan-2019 08:12:48,21.526,35.692
04-Jan-2019 08:18:18,21.611,35.637
04-Jan-2019 08:23:48,21.75,35.419
04-Jan-2019 08:29:18,21.793,35.349
04-Jan-2019 08:34:49,21.95,35.181
04-Jan-2019 08:41:08,21.95,35.108
04-Jan-2019 08:46:38,21.993,35.113
04-Jan-2019 08:52:58,22.105,34.923
04-Jan-2019 08:58:27,22.175,34.891
04-Jan-2019 09:04:22,22.231,34.763
04-Jan-2019 09:09:53,22.386,34.678
04-Jan-2019 09:16:39,22.372,34.705
04-Jan-2019 09:23:24,22.442,34.658
04-Jan-2019 09:29:19,22.343,31.838
04-Jan-2019 09:34:49,22.188,29.046
04-Jan-2019 09:42:00,22.036,27.916
04-Jan-2019 09:47:55,21.908,26.926
04-Jan-2019 09:53:50,21.894,27.489
04-Jan-2019 09:59:46,21.937,29.194
04-Jan-2019 10:06:31,22.036,30.982
04-Jan-2019 10:13:15,22.063,33.19
04-Jan-2019 10:19:35,22.007,34.412
04-Jan-2019 10:25:54,21.993,34.818
04-Jan-2019 10:31:49,21.921,34.838
04-Jan-2019 10:40:14,21.836,35.061
04-Jan-2019 10:46:59,21.793,35.198
04-Jan-2019 10:52:54,21.724,35.395
04-Jan-2019 10:58:25,21.638,35.427
04-Jan-2019 11:03:55,21.611,35.807
04-Jan-2019 11:09:26,21.595,36.379
04-Jan-2019 11:14:56,21.526,36.779
04-Jan-2019 11:21:41,21.483,37.084
04-Jan-2019 11:28:50,21.414,37.345
04-Jan-2019 11:35:10,21.358,37.34
04-Jan-2019 11:41:04,21.328,37.075
04-Jan-2019 11:46:34,21.256,36.907
04-Jan-2019 11:53:19,21.187,36.861
04-Jan-2019 11:59:13,21.144,36.704
04-Jan-2019 12:05:58,21.088,36.596
04-Jan-2019 12:11:53,21.003,36.449
04-Jan-2019 12:18:12,20.92,35.161
04-Jan-2019 12:24:07,20.792,32.444
04-Jan-2019 12:29:37,20.693,31.243
04-Jan-2019 12:35:08,20.621,30.771
04-Jan-2019 12:41:28,20.522,30.338
04-Jan-2019 12:46:58,20.439,29.94
04-Jan-2019 12:52:28,20.367,29.737
04-Jan-2019 12:57:58,20.284,29.48
04-Jan-2019 13:03:28,20.241,29.279
04-Jan-2019 13:08:58,20.169,29.091
04-Jan-2019 13:14:28,20.113,29.073
04-Jan-2019 13:20:23,20.044,29.024
04-Jan-2019 13:25:53,19.974,29.078
04-Jan-2019 13:31:49,19.916,28.736
04-Jan-2019 13:37:43,19.844,28.954
04-Jan-2019 13:44:04,19.731,31.574
04-Jan-2019 13:50:48,19.83,36.452
04-Jan-2019 13:57:56,19.83,36.237
04-Jan-2019 14:03:26,19.774,35.949
04-Jan-2019 14:08:56,19.689,36.184
04-Jan-2019 14:14:26,19.649,36.115
04-Jan-2019 14:19:56,19.593,36.214
04-Jan-2019 14:26:15,19.494,36.321
04-Jan-2019 14:31:45,19.464,36.434
04-Jan-2019 14:37:41,19.422,36.568
04-Jan-2019 14:43:11,19.395,36.692
04-Jan-2019 14:48:40,19.352,36.805
04-Jan-2019 14:54:10,19.296,36.91
04-Jan-2019 15:00:55,19.211,37.044
04-Jan-2019 15:07:39,19.168,37.166
04-Jan-2019 15:14:24,19.096,37.317
04-Jan-2019 15:19:54,19.069,37.464
04-Jan-2019 15:26:14,19.013,37.586
04-Jan-2019 15:32:59,18.97,37.671
04-Jan-2019 15:38:54,18.928,37.797
04-Jan-2019 15:44:24,18.901,37.906
04-Jan-2019 15:49:54,18.885,38.067
04-Jan-2019 15:55:48,18.816,38.14
04-Jan-2019 16:02:08,18.786,38.175
04-Jan-2019 16:08:28,18.786,38.939
04-Jan-2019 16:13:58,18.914,39.394
04-Jan-2019 16:19:53,19.168,39.715
04-Jan-2019 16:26:40,19.507,39.825
04-Jan-2019 16:32:35,19.675,39.667
04-Jan-2019 16:38:55,20.017,39.445
04-Jan-2019 16:44:49,20.199,39.298
04-Jan-2019 16:51:09,20.38,38.753
04-Jan-2019 16:57:53,20.666,38.048
04-Jan-2019 17:04:16,20.778,37.704
04-Jan-2019 17:10:10,20.92,37.342
04-Jan-2019 17:16:30,21.131,37.072
04-Jan-2019 17:22:25,21.272,36.786
